Aruba,ABW,"Population, total",SP.POP.TOTL,101604,101838,102591,104110,105675,106807,107906,108727,108735,108908,109203,108587,107700,107310,107359
Africa Eastern and Southern,AFE,"Population, total",SP.POP.TOTL,516003448,530308387,544737983,559609961,575202699,590968990,607123269,623369401,640058741,657801085,675950189,694446100,713090928,731821393,750503764
Afghanistan,AFG,"Population, total",SP.POP.TOTL,27466101,28284089,29347708,30560034,31622704,32792523,33831764,34700612,35688935,36743039,37856121,39068979,40000412,40578842,41454761
Africa Western and Central,AFW,"Population, total",SP.POP.TOTL,354343844,364358270,374790143,385360349,396030207,406992047,418127845,429454743,440882906,452195915,463365429,474569351,485920997,497387180,509398589
Angola,AGO,"Population, total",SP.POP.TOTL,22414773,23294825,24218352,25177394,26165620,27160769,28157798,29183070,30234839,31297155,32375632,33451132,34532429,35635029,36749906
Albania,ALB,"Population, total",SP.POP.TOTL,2927519,2913021,2905195,2900401,2895092,2889104,2880703,2876101,2873457,2866376,2854191,2837849,2811666,2777689,2745972
Andorra,AND,"Population, total",SP.POP.TOTL,83888,80706,77783,76834,75194,73737,72174,72181,73763,75162,76474,77380,78364,79705,80856
Arab World,ARB,"Population, total",SP.POP.TOTL,356386673,363568534,372054934,381030177,390954281,400231008,410190679,419808341,428315886,435998060,444281315,453723239,460646603,471352066,481667539
United Arab Emirates,ARE,"Population, total",SP.POP.TOTL,6707058,6869838,7104538,7391448,7693031,8059440,8505237,8935095,9223225,9346701,9445785,9401038,9575152,10074977,10483751
Argentina,ARG,"Population, total",SP.POP.TOTL,40854831,41288694,41730660,42161721,42582455,43024071,43477012,43900313,44288894,44654882,44973465,45191965,45312281,45407904,45538401
Armenia,ARM,"Population, total",SP.POP.TOTL,3066000,3044800,3027900,3024100,3022000,3013800,3004600,2992300,2979400,2969000,2962500,2961500,2962300,2969200,2990900
American Samoa,ASM,"Population, total",SP.POP.TOTL,55528,55228,54895,54489,54006,53466,52878,52245,51586,50908,50209,49761,49225,48342,47521
Antigua and Barbuda,ATG,"Population, total",SP.POP.TOTL,84173,85320,86332,87260,88064,88765,89409,89969,90468,90926,91364,91846,92349,92840,93316
Australia,AUS,"Population, total",SP.POP.TOTL,21691653,22031750,22340024,22733465,23128129,23475686,23815995,24190907,24592588,24963258,25334826,25649248,25685412,26014399,26658948
Austria,AUT,"Population, total",SP.POP.TOTL,8343323,8363404,8391643,8429991,8479823,8546356,8642699,8736668,8797566,8840521,8879920,8916864,8955797,9041851,9131761
Azerbaijan,AZE,"Population, total",SP.POP.TOTL,8947243,9054332,9173082,9295784,9416801,9535079,9649341,9757812,9854033,9939771,10024283,10093121,10137750,10141756,10153958
Burundi,BDI,"Population, total",SP.POP.TOTL,8947646,9376444,9717978,10071028,10439341,10799785,11047580,11239451,11506762,11859446,12255336,12617036,12965481,13321097,13689450
Belgium,BEL,"Population, total",SP.POP.TOTL,10796493,10895586,11038264,11106932,11159407,11209057,11274196,11331422,11375158,11427054,11488980,11538604,11586195,11680210,11787423
Benin,BEN,"Population, total",SP.POP.TOTL,9509423,9797484,10093623,10397657,10708834,11030004,11360681,11697842,12039780,12383347,12726755,13070169,13413417,13759501,14111034
Burkina Faso,BFA,"Population, total",SP.POP.TOTL,15710066,16176498,16661908,17172287,17695409,18229461,18777487,19334856,19894407,20438288,20961952,21478690,21995243,22509038,23025776
Bangladesh,BGD,"Population, total",SP.POP.TOTL,150873714,152201981,153591076,155070101,156532141,157964929,159383179,160811932,162186147,163523103,164913055,166298024,167658854,169384897,171466990
Bulgaria,BGR,"Population, total",SP.POP.TOTL,7444443,7395599,7348328,7305888,7265115,7223938,7177991,7127822,7075947,7025037,6975761,6934015,6877743,6643324,6446596
Bahrain,BHR,"Population, total",SP.POP.TOTL,1178415,1228543,1195020,1208964,1253191,1314562,1370322,1423726,1501116,1503091,1483756,1472204,1504365,1524693,1577059
"Bahamas, The",BHS,"Population, total",SP.POP.TOTL,362810,367478,371729,375469,378953,382298,385346,388055,390485,392717,394675,395863,396373,397538,399440
Bosnia and Herzegovina,BIH,"Population, total",SP.POP.TOTL,3879794,3811472,3741798,3670113,3610859,3564829,3518541,3473003,3428682,3387000,3345533,3299349,3244907,3204802,3185073
Belarus,BLR,"Population, total",SP.POP.TOTL,9504583,9483836,9461643,9446836,9443211,9448515,9461076,9469379,9458989,9438785,9419758,9379952,9302585,9228071,9178298
Belize,BLZ,"Population, total",SP.POP.TOTL,312614,320245,327298,334414,341627,348923,356333,364705,373202,380226,385829,390812,395346,402733,411106
Bermuda,BMU,"Population, total",SP.POP.TOTL,63565,63725,63733,63646,63574,63529,63464,63449,63578,63831,64107,64382,64648,64749,64698
Bolivia,BOL,"Population, total",SP.POP.TOTL,10016275,10182345,10348929,10515807,10682608,10848888,11014705,11180020,11344587,11508368,11671386,11816299,11937360,12077154,12244159
Brazil,BRA,"Population, total",SP.POP.TOTL,192079951,193701929,195284734,196876111,198478299,200085127,201675532,203218114,204703445,206107261,207455459,208660842,209550294,210306415,211140729
Barbados,BRB,"Population, total",SP.POP.TOTL,274123,275243,276139,276938,277665,278348,278990,279598,280171,280711,281207,281698,282147,282318,282336
Brunei Darussalam,BRN,"Population, total",SP.POP.TOTL,384952,392332,399389,405557,411202,416750,422212,427564,432772,437810,442680,447404,451721,455370,458949
Bhutan,BTN,"Population, total",SP.POP.TOTL,693988,701632,709377,717279,725273,733139,740618,747866,754335,759759,764824,770006,775442,780914,786385
Botswana,BWA,"Population, total",SP.POP.TOTL,1990673,2033111,2073535,2108617,2140682,2172044,2203273,2234776,2266747,2299141,2332083,2365894,2401441,2439892,2480244
Central African Republic,CAF,"Population, total",SP.POP.TOTL,4529047,4492995,4565021,4610848,4642419,4623182,4629320,4713663,4793511,4878657,4944703,5026628,5112100,5098039,5152421
Canada,CAN,"Population, total",SP.POP.TOTL,33630069,34005902,34339221,34713395,35080992,35434066,35704498,36110803,36545075,37072620,37618495,38028638,38239864,38939056,40097761
Central Europe and the Baltics,CEB,"Population, total",SP.POP.TOTL,104800475,104421447,104174038,103928128,103691959,103459388,103206007,102926796,102656954,102439383,102282674,102046650,100647592,100289401,100175859
Switzerland,CHE,"Population, total",SP.POP.TOTL,7743831,7824909,7912398,7996861,8089346,8188649,8282396,8373338,8451840,8514329,8575280,8638167,8704546,8777088,8888093
Channel Islands,CHI,"Population, total",SP.POP.TOTL,157511,158621,159706,160767,161777,162726,163454,163883,164319,164949,165639,166235,166741,167215,167691
Chile,CHL,"Population, total",SP.POP.TOTL,17009731,17181464,17351816,17519119,17687006,17864195,18047625,18267221,18558868,18893191,19197744,19370624,19456334,19553036,19658835
China,CHN,"Population, total",SP.POP.TOTL,1331260000,1337705000,1345035000,1354190000,1363240000,1371860000,1379860000,1387790000,1396215000,1402760000,1407745000,1411100000,1412360000,1412175000,1410710000
Cote d'Ivoire,CIV,"Population, total",SP.POP.TOTL,21997940,22488065,22982000,23467078,23939775,24527395,25246342,25989405,26733372,27464173,28193009,28915449,29639736,30395002,31165654
Cameroon,CMR,"Population, total",SP.POP.TOTL,19113974,19668066,20232304,20809529,21402376,22059893,22763414,23454161,24128601,24806383,25506095,26210558,26915758,27632771,28372687
"Congo, Dem. Rep.",COD,"Population, total",SP.POP.TOTL,66412044,68563038,70849311,73254618,75789395,78403242,81035531,83956415,87083398,90047644,92947442,95989998,99148932,102396968,105789731
"Congo, Rep.",COG,"Population, total",SP.POP.TOTL,4281219,4462290,4609724,4740450,4857099,4975880,5097581,5222536,5351011,5483118,5616661,5752791,5892183,6035104,6182885
Colombia,COL,"Population, total",SP.POP.TOTL,44271541,44777319,45259614,45715810,46151584,46565429,46969940,47437512,48131078,49024465,49907985,50629997,51188173,51737944,52321152
Comoros,COM,"Population, total",SP.POP.TOTL,641947,654836,668056,681630,696192,711503,726682,741741,756669,771590,786578,802163,818174,834188,850387
Cabo Verde,CPV,"Population, total",SP.POP.TOTL,506141,509784,511447,511955,512225,512326,512394,512554,512893,513415,514104,514679,516649,519741,522331
Costa Rica,CRI,"Population, total",SP.POP.TOTL,4499791,4555962,4609833,4663934,4716147,4767119,4818038,4866998,4913177,4957818,4999553,5034320,5059988,5081765,5105525
Caribbean small states,CSS,"Population, total",SP.POP.TOTL,2836793,2855621,2873088,2893251,2917125,2941203,2964524,2987438,3009507,3048465,3079149,3092577,3111609,3131505,3152394
Cuba,CUB,"Population, total",SP.POP.TOTL,11294719,11297409,11301571,11303175,11298167,11285775,11275065,11265612,11247829,11227118,11202846,11176354,11122168,11059820,11019931
Curacao,CUW,"Population, total",SP.POP.TOTL,146833,148703,150831,152088,153822,155909,157980,159664,160175,159336,157441,154947,152369,149996,147862
Cayman Islands,CYM,"Population, total",SP.POP.TOTL,52618,54099,55606,57136,58655,60160,61642,63100,64535,65941,67327,68684,70108,71591,73038
Cyprus,CYP,"Population, total",SP.POP.TOTL,1109371,1127816,1146493,1165397,1183895,1201801,1219502,1237112,1254275,1270737,1286671,1302247,1317309,1331370,1344976
Czechia,CZE,"Population, total",SP.POP.TOTL,10443936,10474410,10496088,10510785,10514272,10525347,10546059,10566332,10594438,10629928,10671870,10697858,10505772,10672118,10864042
Germany,DEU,"Population, total",SP.POP.TOTL,81902307,81776930,80274983,80425823,80645605,80982500,81686611,82348669,82657002,82905782,83092962,83160871,83196078,83797985,83280000
Djibouti,DJI,"Population, total",SP.POP.TOTL,911527,930251,948558,966747,984824,1002717,1020313,1037653,1054841,1071882,1088709,1105188,1121248,1137096,1152944
Dominica,DMA,"Population, total",SP.POP.TOTL,68864,68859,69053,69118,69715,70373,70410,69606,68496,68174,67880,67573,67202,66826,66510
Denmark,DNK,"Population, total",SP.POP.TOTL,5523095,5547683,5570572,5591572,5614932,5643475,5683483,5728010,5764980,5793636,5814422,5831404,5856733,5903037,5946952
Dominican Republic,DOM,"Population, total",SP.POP.TOTL,9695265,9820175,9945621,10070411,10193833,10315528,10434829,10551430,10666843,10782053,10894043,11008300,11123476,11230734,11331265
Algeria,DZA,"Population, total",SP.POP.TOTL,35490445,36188236,36903376,37646166,38414171,39205031,40019529,40850721,41689299,42505035,43294546,44042091,44761099,45477389,46164219
East Asia & Pacific (excluding high income),EAP,"Population, total",SP.POP.TOTL,1959017463,1973602166,1989106668,2006566431,2023850158,2040383789,2056050896,2071486140,2087238522,2100698838,2112289891,2121866294,2128553744,2133560408,2137527754
Early-demographic dividend,EAR,"Population, total",SP.POP.TOTL,2921563644,2967104472,3013476947,3058869436,3103677284,3146800078,3190318707,3233033717,3274060446,3314245247,3355014793,3396051187,3432026092,3470644834,3511076811
East Asia & Pacific,EAS,"Population, total",SP.POP.TOTL,2199148703,2214613815,2230826576,2249081393,2267072102,2284385542,2300844269,2317076058,2333475520,2347576325,2359771090,2369438682,2375144416,2379648296,2384463611
Europe & Central Asia (excluding high income),ECA,"Population, total",SP.POP.TOTL,228250911,230106440,231988171.5,233914075,235981960,238112723.5,240230296.5,242407763.5,244530211.5,246654915.5,248858341,250655325.5,252183790,250834021.5,249146208
Europe & Central Asia,ECS,"Population, total",SP.POP.TOTL,887281039,890448752,892361936.5,895889705,900033335,904324263.5,908458970.5,912576858.5,916236104.5,919738352.5,922811778,925088545.5,925075848,925385334.5,924969865
Ecuador,ECU,"Population, total",SP.POP.TOTL,14825954,15076695,15326227,15572194,15807128,16035124,16266225,16505139,16759519,17049547,17340021,17546065,17682454,17823897,17980083
"Egypt, Arab Rep.",EGY,"Population, total",SP.POP.TOTL,87501636,89196072,91093059,93161001,95333553,97528654,99597342,101644589,103696057,105682094,107553158,109315124,110957008,112618250,114535772
Euro area,EMU,"Population, total",SP.POP.TOTL,339676755,340460814,339719975,340447763,341575309,342713336,343698622,344655545,345333240,346105839,346454019,346922366,347094588,348627172,349670802
Eritrea,ERI,"Population, total",SP.POP.TOTL,2887885,2945186,2998485,3036988,3074360,3095173,3105546,3124698,3150347,3192760,3240194,3291271,3350183,3409447,3470390
Spain,ESP,"Population, total",SP.POP.TOTL,46362946,46576897,46742697,46773055,46620045,46480882,46444832,46484062,46593236,46797754,47134837,47365655,47415794,47759127,48347910
Estonia,EST,"Population, total",SP.POP.TOTL,1334515,1331475,1327439,1322696,1317997,1314545,1315407,1315790,1317384,1321977,1326898,1329522,1330932,1348840,1370286
Ethiopia,ETH,"Population, total",SP.POP.TOTL,88007636,90538514,93149970,95798767,98438751,101115610,103867135,106718162,109666481,112664152,115737383,118917671,122138588,125384287,128691692
European Union,EUU,"Population, total",SP.POP.TOTL,440928484,441546320,440766686,441416943,442486978,443589388,444550397,445487171,446177810,446953938,447303223,447653554,446564156,447847220,448804042
Fragile and conflict affected situations,FCS,"Population, total",SP.POP.TOTL,773810618,793160547,812764221,832872724,853223055,873158163,892657785,912614026,933013886,953648681,974824119,996691242,1018693078,1038158122,1058789534
Finland,FIN,"Population, total",SP.POP.TOTL,5338871,5363352,5388272,5413971,5438972,5461512,5479531,5495303,5508214,5515525,5521606,5529543,5541017,5556106,5583911
Fiji,FJI,"Population, total",SP.POP.TOTL,907239,910419,912989,914918,916352,917585,918578,919166,918759,917180,914899,914963,916711,919422,924145
France,FRA,"Population, total",SP.POP.TOTL,64706436,65026211,65340830,65657659,65997932,66312067,66548272,66724104,66918020,67158348,67382061,67601110,67842811,68065015,68287487
Faroe Islands,FRO,"Population, total",SP.POP.TOTL,48791,48657,48543,48291,48246,48428,48901,49464,50182,50998,51795,52571,53315,53952,54482
"Micronesia, Fed. Sts.",FSM,"Population, total",SP.POP.TOTL,107957,107540,107698,107890,108121,108396,108716,109075,109481,109909,110282,110916,111624,112114,112630
Gabon,GAB,"Population, total",SP.POP.TOTL,1661556,1719879,1781985,1846889,1913059,1978399,2040989,2100306,2156900,2212318,2267706,2322539,2376722,2430747,2484789
United Kingdom,GBR,"Population, total",SP.POP.TOTL,62276270,62766365,63258810,63700215,64128273,64602298,65116219,65611593,66058859,66460344,66836327,67081234,67026292,67791000,68350000
Georgia,GEO,"Population, total",SP.POP.TOTL,3814419,3786695,3756441,3728874,3717668,3719414,3725276,3727505,3728004,3726549,3720161,3722716,3708610,3712502,3715483
Ghana,GHA,"Population, total",SP.POP.TOTL,24862664,25474995,26095088,26734268,27386193,28041592,28696068,29356742,30008354,30637585,31258945,31887809,32518665,33149152,33787914
Gibraltar,GIB,"Population, total",SP.POP.TOTL,30823,31248,31660,32029,32407,32813,33193,33658,34245,34854,35494,36173,36858,37609,38471
Guinea,GIN,"Population, total",SP.POP.TOTL,10143534,10396086,10656810,10921581,11191873,11472924,11767070,12073030,12385659,12704774,13034346,13371183,13710513,14055137,14405468
"Gambia, The",GMB,"Population, total",SP.POP.TOTL,1871422,1926630,1983784,2043094,2103820,2164528,2224529,2283769,2342189,2399632,2456844,2515733,2576010,2636470,2697845
Guinea-Bissau,GNB,"Population, total",SP.POP.TOTL,1526377,1566347,1608076,1651417,1695973,1741122,1786457,1831893,1877072,1922168,1967696,2013255,2058841,2105529,2153339
Equatorial Guinea,GNQ,"Population, total",SP.POP.TOTL,1135673,1189085,1241835,1293483,1346218,1399828,1453923,1508186,1562396,1616422,1670177,1716468,1758786,1803545,1847549
Greece,GRC,"Population, total",SP.POP.TOTL,11107017,11121341,11104899,11045011,10965211,10892413,10820883,10775971,10754679,10732882,10721582,10698599,10569207,10436882,10405588
Grenada,GRD,"Population, total",SP.POP.TOTL,111254,111586,112079,112775,113487,114132,114676,115130,115438,115691,115981,116341,116688,116913,117081
Greenland,GRL,"Population, total",SP.POP.TOTL,56323,56905,56890,56810,56483,56295,56114,56186,56172,56023,56225,56367,56653,56661,56865
Guatemala,GTM,"Population, total",SP.POP.TOTL,14215611,14500112,14792126,15089647,15387337,15681725,15971743,16268760,16567357,16845685,17103803,17357325,17598650,17847877,18124838
Guam,GUM,"Population, total",SP.POP.TOTL,166173,166522,166543,166331,165966,165486,164905,164233,163490,162679,161808,162158,163730,165180,166506
Guyana,GUY,"Population, total",SP.POP.TOTL,752094,749256,746153,746288,750021,754229,758781,763548,768479,791556,807665,807481,815482,821637,826353
High income,HIC,"Population, total",SP.POP.TOTL,1317794172,1323506149,1329029726,1336612791,1344779557,1352458637,1360842914,1368877184,1374784294,1379152141,1383372477,1389524835,1387107942,1393036569,1400465513
"Hong Kong SAR, China",HKG,"Population, total",SP.POP.TOTL,6972800,7024200,7071600,7150100,7178900,7229500,7291300,7336600,7393200,7452600,7507900,7481000,7413100,7346100,7536100
Honduras,HND,"Population, total",SP.POP.TOTL,8189899,8365878,8540583,8715076,8889278,9063122,9237305,9412380,9588137,9765210,9943633,10119640,10289877,10463872,10644851
Heavily indebted poor countries (HIPC),HPC,"Population, total",SP.POP.TOTL,621337653,638796398,656783491,675397557,694622934,714769441,735429414,756895035,779389964,802020674,824649053,847743308,870930036,893906294,917304254
Croatia,HRV,"Population, total",SP.POP.TOTL,4305181,4295427,4280622,4260368,4233922,4201598,4151725,4106867,4041407,3988775,3949390,3914206,3878981,3855641,3859686
Haiti,HTI,"Population, total",SP.POP.TOTL,9689581,9803294,9914904,10069771,10222362,10373235,10523242,10671457,10817754,10962362,11105163,11243848,11374586,11503606,11637398
Hungary,HUN,"Population, total",SP.POP.TOTL,10022650,10000023,9971727,9920362,9893082,9866468,9843028,9814023,9787966,9775564,9771141,9750149,9709891,9644377,9592186
IBRD only,IBD,"Population, total",SP.POP.TOTL,4391389527,4436714947,4483152361,4532139461,4582140476,4630871647,4677114235,4721984235,4766267453,4807550491,4845715724,4879367453,4905899020,4928694202,4952574126
IDA & IBRD total,IBT,"Population, total",SP.POP.TOTL,5797994405,5876645582,5956718727,6038997419,6120638810,6201871547,6281302514,6360570926,6440496863,6518627025,6594857152,6667541079,6733337540,6795222292,6858957145
IDA total,IDA,"Population, total",SP.POP.TOTL,1406604878,1439930635,1473566366,1506857958,1538498334,1570999900,1604188279,1638586691,1674229410,1711076534,1749141428,1788173626,1827438520,1866528090,1906383019
IDA blend,IDB,"Population, total",SP.POP.TOTL,473612630,485934443,498002443,509513096,520502873,531341156,541987714,552474265,563290702,574487740,585824310,597524859,609556583,621500917,633230238
Indonesia,IDN,"Population, total",SP.POP.TOTL,243220028,246305322,249470032,252698525,255852467,258877399,261799249,264627418,267346658,269951846,272489381,274814866,276758053,278830529,281190067
IDA only,IDX,"Population, total",SP.POP.TOTL,932992248,953996192,975563922.5,997344862,1017995461,1039658744,1062200565,1086112426,1110938708,1136588794,1163317118,1190648767,1217881937,1245027173,1273152781
Isle of Man,IMN,"Population, total",SP.POP.TOTL,82939,83873,84382,84335,84141,83892,83593,83466,83609,83805,83957,84064,84106,84132,84165
India,IND,"Population, total",SP.POP.TOTL,1225524753,1243481564,1261224954,1278674502,1295829511,1312277191,1328024498,1343944296,1359657400,1374659064,1389030312,1402617695,1414203896,1425423212,1438069596
Not classified,INX,"Population, total",SP.POP.TOTL,,,,,,,,,,,,,,,
Ireland,IRL,"Population, total",SP.POP.TOTL,4535375,4560155,4580084,4599533,4623816,4657740,4701957,4755335,4807388,4867316,4934340,4985382,5033164,5165700,5307600
"Iran, Islamic Rep.",IRN,"Population, total",SP.POP.TOTL,76457825,77420842,78383598,79370580,80414686,81502045,82619362,83812228,85026754,86117998,87051648,87723443,88455488,89524246,90608707
Iraq,IRQ,"Population, total",SP.POP.TOTL,30058206,31045366,32161424,33654842,35281989,36550059,37560535,38469627,39337353,40265624,41192171,42116605,43071211,44070551,45074049
Iceland,ISL,"Population, total",SP.POP.TOTL,318499,318041,319014,320716,323764,327386,330815,335439,343400,352721,360563,366463,372520,382003,393349
Israel,ISR,"Population, total",SP.POP.TOTL,7485600,7623600,7765800,7910500,8059500,8215700,8380100,8546000,8713300,8882800,9054000,9215100,9371400,9557500,9756600
Italy,ITA,"Population, total",SP.POP.TOTL,59095365,59277417,59379449,59539717,60233948,60789140,60730582,60627498,60536709,60421760,59729081,59438851,59133173,59013667,58993475
Jamaica,JAM,"Population, total",SP.POP.TOTL,2736995,2748568,2760494,2772430,2783687,2793749,2802534,2809915,2815764,2820097,2823271,2830739,2837682,2839144,2839786
Jordan,JOR,"Population, total",SP.POP.TOTL,7141753,7297043,7480424,7587127,7991809,8791710,9544729,10006367,10234226,10462306,10671891,10865228,11066356,11256263,11439213
Japan,JPN,"Population, total",SP.POP.TOTL,128047000,128070000,127833000,127629000,127445000,127276000,127141000,127076000,126972000,126811000,126633000,126261000,125681593,125124989,124516650
Kazakhstan,KAZ,"Population, total",SP.POP.TOTL,16619846,16836810,17066002,17306106,17556502,17816285,18084169,18363600,18651931,18932727,19209555,19482117,19743603,20034609,20330104
Kenya,KEN,"Population, total",SP.POP.TOTL,40408891,41598567,42758461,43888303,44986791,46051440,47088526,48139687,49197766,50207107,51202827,52217334,53219166,54252461,55339003
Kyrgyz Republic,KGZ,"Population, total",SP.POP.TOTL,5389643,5467059,5546586.5,5652076,5777150,5905847.5,6040035.5,6175337.5,6306695.5,6444078.5,6590211,6726595.5,6851224,6975219.5,7099750
Cambodia,KHM,"Population, total",SP.POP.TOTL,14276810,14500726,14722584,14945085,15170208,15396772,15623251,15852803,16073372,16274522,16481304,16725474,16974305,17201724,17423880
Kiribati,KIR,"Population, total",SP.POP.TOTL,106467,108704,110647,112284,113838,115326,116815,118478,120275,122084,123921,126099,128377,130469,132530
St. Kitts and Nevis,KNA,"Population, total",SP.POP.TOTL,46916,46846,46886,47033,47069,47089,47087,47075,47050,47008,46952,46870,46763,46709,46758
"Korea, Rep.",KOR,"Population, total",SP.POP.TOTL,49307835,49554112,49936638,50199853,50428893,50746659,51014947,51217803,51361911,51585058,51764822,51836239,51769539,51672569,51712619
Kuwait,KWT,"Population, total",SP.POP.TOTL,2795484,2943372,3132814,3337109,3507844,3665876,3834574,4004096,4154812,4323515,4442316,4400267,4360865,4589643,4853420
Latin America & Caribbean (excluding high income),LAC,"Population, total",SP.POP.TOTL,521959738,527703442,533432539,539167194,544834859,550428711,555893183,561307280,566870356,572668977,578311232,583125825,586944219,590730587,594995068
Lao PDR,LAO,"Population, total",SP.POP.TOTL,6241642,6334194,6426590,6518978,6611385,6703172,6801645,6908802,7018147,7128045,7237636,7346533,7453194,7559007,7664993
Lebanon,LBN,"Population, total",SP.POP.TOTL,4992287,5041288,5096020,5235742,5743436,6346990,6472469,6323060,6160128,5984119,5794594,5702398,5718122,5744489,5773493
Liberia,LBR,"Population, total",SP.POP.TOTL,3943028,4058890,4221178,4373043,4470239,4564293,4659431,4755608,4848925,4944726,5043721,5149463,5259323,5373294,5493031
Libya,LBY,"Population, total",SP.POP.TOTL,6366686,6497839,6343203,6179328,6304628,6427252,6531819,6632126,6738770,6849055,6951033,7045399,7135175,7223805,7305659
St. Lucia,LCA,"Population, total",SP.POP.TOTL,169869,170906,171801,172587,173369,174138,174905,175646,176342,177017,177661,178250,178522,178781,179285
Latin America & Caribbean,LCN,"Population, total",SP.POP.TOTL,581388129,587749565,594072097,600393759,606644957,612799258,618806527,624664026,630329435,635680745,640853375,645497618,649234475,653104771,657611624
Least developed countries: UN classification,LDC,"Population, total",SP.POP.TOTL,835687108,855348118,875685078,896684951,918269633,940284138,962508256,985414939,1008993468,1033110314,1058013514,1083636132,1109175268,1134585604,1160824674
Low income,LIC,"Population, total",SP.POP.TOTL,505585022,520054110,534808724,549451656,563526633,577586377,592175402,607867476,624557000,642186195,660718366,679560744,698215206,716865783,736466395
Liechtenstein,LIE,"Population, total",SP.POP.TOTL,35742,36022,36312,36657,36984,37248,37494,37716,37962,38246,38563,38901,39182,39493,39850
Sri Lanka,LKA,"Population, total",SP.POP.TOTL,20756435,20879089,21009048,21169458,20585000,20778000,20970000,21209000,21444000,21670000,21803000,21919000,22156000,22181000,22037000
Lower middle income,LMC,"Population, total",SP.POP.TOTL,2505415842,2548857608,2592374920,2635615131,2678274094,2721462079,2763351402,2804867052,2846133569,2886705488,2926690682,2966396717,3004162907,3041203717,3079778780
Low & middle income,LMY,"Population, total",SP.POP.TOTL,5569896557,5648351983,5727986726,5809649768,5890623212,5971198210,6050054835,6128880430,6208763935,6287535115,6364581440,6438169878,6505838578,6568731934,6633109634
Lesotho,LSO,"Population, total",SP.POP.TOTL,1980883,1996251,2014009,2034354,2056504,2080089,2104611,2130422,2157110,2183603,2209405,2235727,2261542,2286110,2311472
Late-demographic dividend,LTE,"Population, total",SP.POP.TOTL,2167303374,2179522412,2193156338,2209331950,2225043647,2241185412,2256211695,2270944241,2285977089,2298520432,2309008599,2316785460,2320366261,2324072106,2326658047
Lithuania,LTU,"Population, total",SP.POP.TOTL,3162916,3097282,3028115,2987773,2957689,2932367,2904910,2868231,2828403,2801543,2794137,2794885,2800839,2831639,2871585
Luxembourg,LUX,"Population, total",SP.POP.TOTL,497783,506953,518347,530946,543360,556319,569604,582014,596336,607950,620001,630419,640064,653103,666430
Latvia,LVA,"Population, total",SP.POP.TOTL,2141669,2097555,2059709,2034319,2012647,1993782,1977527,1959537,1942248,1927174,1913822,1900449,1884490,1879383,1877445
"Macao SAR, China",MAC,"Population, total",SP.POP.TOTL,535000,537000,549600,567900,591900,621700,642900,652500,648400,658900,672000,685400,682500,677300,678800
St. Martin (French part),MAF,"Population, total",SP.POP.TOTL,36502,36856,37069,37276,37419,37450,37369,37175,36837,36012,34267,31786,29961,28870,27515
Morocco,MAR,"Population, total",SP.POP.TOTL,32030778,32467016,32912588,33355241,33787571,34204780,34607588,35023457,35446392,35839760,36210898,36584208,36954442,37329064,37712505
Monaco,MCO,"Population, total",SP.POP.TOTL,32364,33163,33946,34711,35447,36128,36757,37276,37678,38154,38109,38050,38527,38931,38956
Moldova,MDA,"Population, total",SP.POP.TOTL,2865213,2862354,2860699,2860324,2859558,2857815,2835978,2803186,2755189,2707203,2664224,2635130,2595809,2528654,2457783
Madagascar,MDG,"Population, total",SP.POP.TOTL,21547280,22183340,22822300,23462438,24109290,24764348,25426702,26099952,26788375,27494926,28219554,28953556,29691083,30437261,31195932
Maldives,MDV,"Population, total",SP.POP.TOTL,348275,360792,373674,386818,400070,413617,428154,443308,458287,473099,487731,502118,516154,524106,525994
Middle East & North Africa,MEA,"Population, total",SP.POP.TOTL,390285866,397305528,405960097,415046283,424768481,433660485,443111159,452184895,459925735,466691130,474057593,482334398,488100624,498070255,508311359
Mexico,MEX,"Population, total",SP.POP.TOTL,111999721,113623895,115243504,116818208,118343573,119784261,121072306,122251351,123400057,124573711,125762982,126799054,127648148,128613117,129739759
Marshall Islands,MHL,"Population, total",SP.POP.TOTL,52019,52044,51907,51419,50681,49796,48800,47709,46529,45285,44007,42706,41367,40077,38827
Middle income,MIC,"Population, total",SP.POP.TOTL,5064311535,5128297873,5193178002,5260198112,5327096579,5393611833,5457879433,5521012954,5584206935,5645348920,5703863074,5758609134,5807623372,5851866151,5896643239
North Macedonia,MKD,"Population, total",SP.POP.TOTL,1958782,1946298,1937398,1929821,1922716,1917557,1912430,1906313,1898657,1889051,1876262,1856124,1837114,1831712,1827816
Mali,MLI,"Population, total",SP.POP.TOTL,15435539,15945198,16469049,16957033,17459615,18020267,18593022,19191289,19813011,20442030,21068405,21713836,22388630,23072640,23769127
Malta,MLT,"Population, total",SP.POP.TOTL,412477,414508,416268,420028,425967,434558,445053,455356,467999,484630,504062,515332,518536,531511,552747
Myanmar,MMR,"Population, total",SP.POP.TOTL,48660459,49024382,49419820,49837446,50262658,50681634,51089056,51495696,51894938,52272247,52640713,53016522,53387102,53756787,54133798
Middle East & North Africa (excluding high income),MNA,"Population, total",SP.POP.TOTL,343195616,349872902,356552266,363339829,370454605,377506892,384230039,390998434,397804712,404775501,411833977,418461302,424980589,432229148,440118189
Montenegro,MNE,"Population, total",SP.POP.TOTL,618294,619428,620079,620601,621207,621810,622159,622303,622373,622227,622028,621306,619211,617213,616177
Mongolia,MNG,"Population, total",SP.POP.TOTL,2691115,2738622,2786317,2839705,2899011,2963113,3026864,3088856,3148917,3208189,3267673,3327204,3383741,3433748,3481145
Northern Mariana Islands,MNP,"Population, total",SP.POP.TOTL,55325,54091,53608,53234,52758,52178,51514,50773,49959,49077,48129,47528,46979,46078,45143
Mozambique,MOZ,"Population, total",SP.POP.TOTL,22391745,22999235,23649039,24337846,25051611,25788475,26547572,27337105,28166393,29018644,29884380,30783688,31707800,32656246,33635160
Mauritania,MRT,"Population, total",SP.POP.TOTL,3284448,3390965,3502811,3619034,3734318,3848514,3965959,4086657,4210600,4337685,4467708,4600131,4734874,4875637,5022441
Mauritius,MUS,"Population, total",SP.POP.TOTL,1247429,1250400,1252404,1255882,1258927,1261208,1262879,1263747,1264887,1265577,1265985,1266014,1266334,1262523,1261041
Malawi,MWI,"Population, total",SP.POP.TOTL,14395788,14826463,15265022,15709577,16161816,16621538,17085587,17557739,18039715,18528081,19025752,19533888,20047258,20568728,21104482
Malaysia,MYS,"Population, total",SP.POP.TOTL,28124778,28655776,29162039,29662831,30174265,30696137,31232798,31789685,32355644,32910967,33440596,33889558,34282399,34695493,35126298
North America,NAC,"Population, total",SP.POP.TOTL,340465163,343396770,345986435,348654703,351204513,353883924,356506956,359246007,361730781,363974650,366012555,369619953,370353489,372275216,375077354
Namibia,NAM,"Population, total",SP.POP.TOTL,2077394,2109811,2146325,2194654,2252508,2312139,2374300,2439213,2506853,2577327,2650494,2728762,2810548,2889662,2963095
New Caledonia,NCL,"Population, total",SP.POP.TOTL,257250,261582,266543,271633,276822,281224,283168,283423,283546,283541,283606,284176,285214,287123,289870
Niger,NER,"Population, total",SP.POP.TOTL,15943675,16548835,17176283,17836769,18519898,19215909,19939498,20685753,21435446,22188069,22947757,23717613,24502140,25311973,26159867
Nigeria,NGA,"Population, total",SP.POP.TOTL,162049464,166642886,171379598,176200625,181049443,185896915,190671878,195443700,200254579,204938755,209485641,213996181,218529286,223150896,227882945
Nicaragua,NIC,"Population, total",SP.POP.TOTL,5656601,5737450,5819051,5901287,5983845,6066492,6149417,6232666,6316231,6400080,6483657,6565267,6644741,6730654,6823613
Netherlands,NLD,"Population, total",SP.POP.TOTL,16530388,16615394,16693074,16754962,16804432,16865008,16939923,17030314,17131296,17231624,17344874,17441500,17533044,17700982,17877117
Norway,NOR,"Population, total",SP.POP.TOTL,4828726,4889252,4953088,5018573,5079623,5137232,5188607,5234519,5276968,5311916,5347896,5379475,5408320,5457127,5519594
Nepal,NPL,"Population, total",SP.POP.TOTL,27173035,27341952,27464494,27534915,27589996,27672370,27823629,27955462,28011258,28079689,28414064,28966574,29475010,29715436,29694614
Nauru,NRU,"Population, total",SP.POP.TOTL,10016,10043,10098,10267,10517,10742,10954,11150,11324,11477,11587,11643,11709,11801,11875
New Zealand,NZL,"Population, total",SP.POP.TOTL,4302600,4350700,4384000,4408100,4442100,4516500,4609400,4714100,4813600,4900600,4979200,5090200,5111300,5117200,5223100
OECD members,OED,"Population, total",SP.POP.TOTL,1283513127,1292108663,1298741317,1306608465,1314705887,1323087907,1331189869,1339441048,1347317014,1355260023,1362497757,1370013876,1371769252,1378506989,1385723403
Oman,OMN,"Population, total",SP.POP.TOTL,2684659,2757446,3076763,3547106,3833913,4002439,4184895,4390877,4537396,4597877,4591241,4522497,4500424,4730226,5049269
Other small states,OSS,"Population, total",SP.POP.TOTL,12167982,12341009,12420968,12554229,12719557,12904905,13091061,13273445,13487767,13634874,13761088,13884095,14040798,14217718,14411921
Pakistan,PAK,"Population, total",SP.POP.TOTL,194376534,199239047,203746065,207667125,211073978,214264647,217290883,220138869,223273967,226928892,230800899,235001746,239477801,243700667,247504495
Panama,PAN,"Population, total",SP.POP.TOTL,3564381,3628535,3693505,3759256,3825329,3892101,3960035,4029086,4098707,4167860,4234700,4293261,4345405,4400773,4458759
Peru,PER,"Population, total",SP.POP.TOTL,28896811,29086019,29304086,29550366,29817919,30115826,30457600,30866494,31324637,31897584,32449303,32838579,33155882,33475438,33845617
Philippines,PHL,"Population, total",SP.POP.TOTL,94384250,96337125,98248614,100175512,102076336,103767130,105312992,106735719,108119693,109465287,110804683,112081264,113100950,113964338,114891199
Palau,PLW,"Population, total",SP.POP.TOTL,18709,18396,18078,17765,17648,17715,17770,17797,17812,17814,17798,17792,17783,17759,17727
Papua New Guinea,PNG,"Population, total",SP.POP.TOTL,7406438,7633523,7859346,8081390,8302698,8523441,8743246,8961718,9178714,9394513,9609010,9815746,10012896,10203169,10389635
Poland,POL,"Population, total",SP.POP.TOTL,38151603,38042794,38063255,38063164,38040196,38011735,37986412,37970087,37974826,37974750,37965475,37899070,36981559,36821749,36687353
Pre-demographic dividend,PRE,"Population, total",SP.POP.TOTL,730293963,752046672,774567417,798002725,822138419,846420736,870587800,895239872,920568701,946317177,972302503,998624261,1024960313,1051201551,1078224044
Puerto Rico,PRI,"Population, total",SP.POP.TOTL,3740410,3721525,3678732,3634488,3593077,3534874,3473232,3406672,3325286,3193354,3193694,3281557,3262693,3220113,3205691
"Korea, Dem. People's Rep.",PRK,"Population, total",SP.POP.TOTL,24878332,24987258,25097874,25211728,25329451,25451262,25575350,25698326,25817709,25931147,26037632,26136312,26232534,26328845,26418204
Portugal,PRT,"Population, total",SP.POP.TOTL,10568247,10573100,10557560,10514844,10457295,10401062,10358076,10325452,10300300,10283822,10286263,10297081,10361831,10434332,10578174
Paraguay,PRY,"Population, total",SP.POP.TOTL,5671236,5737971,5814626,5897008,5982445,6069811,6159103,6249126,6338660,6427382,6515058,6603739,6684182,6760464,6844146
West Bank and Gaza,PSE,"Population, total",SP.POP.TOTL,3689099,3786161,3882986,3979998,4076708,4173398,4270092,4367088,4454805,4569087,4685306,4803269,4922749,5043612,5165775
Pacific island small states,PSS,"Population, total",SP.POP.TOTL,2262456,2289399,2320899,2351924,2382931,2414338,2445989,2477794,2509999,2542009,2568656,2595522,2625493,2656049,2689224
Post-demographic dividend,PST,"Population, total",SP.POP.TOTL,1070658067,1075615574,1078564678,1083068159,1087808342,1092805112,1097599410,1102507839,1106644744,1110512190,1113651656,1117765361,1117015201,1117561802,1119236161
French Polynesia,PYF,"Population, total",SP.POP.TOTL,269481,270580,271727,273084,274728,276387,277866,279178,280087,279815,279034,279209,279792,280378,281118
Qatar,QAT,"Population, total",SP.POP.TOTL,1608903,1616832,1624761,1722438,1916426,2151745,2344557,2477113,2545820,2580734,2638657,2794148,2504910,2657333,2656032
Romania,ROU,"Population, total",SP.POP.TOTL,20367487,20246871,20147528,20058035,19983693,19908979,19815616,19702267,19588715,19473970,19371648,19265250,19122059,19048502,19059479
Russian Federation,RUS,"Population, total",SP.POP.TOTL,142785348,142849468,143018195,143378447,143805638,144237223,144640716,145015460,145293260,145398106,145453291,145245148,144746762,144236933,143826130
Rwanda,RWA,"Population, total",SP.POP.TOTL,10060432,10317553,10573733,10829901,11093340,11364757,11640022,11919183,12202060,12487996,12776103,13065837,13355260,13651030,13954471
South Asia,SAS,"Population, total",SP.POP.TOTL,1647212835,1672490146,1697466396,1721780232,1744358673,1766896416,1788492725,1809951345,1831474329,1852836645,1874070006,1895144142,1914263569,1932289074,1951539835
Saudi Arabia,SAU,"Population, total",SP.POP.TOTL,24217654,23978487,25091867,26168861,27624004,28309273,29816382,30954198,30977355,30196281,30063799,31552510,30784383,32175224,33264292
Sudan,SDN,"Population, total",SP.POP.TOTL,34569113,35414399,36140806,36923178,37785849,38823318,40024431,41259892,42714306,44230596,45548175,46789231,48066924,49383346,50042791
Senegal,SEN,"Population, total",SP.POP.TOTL,12337389,12635413,12958897,13310495,13710849,14152102,14593331,15034521,15475002,15914498,16352922,16789219,17220867,17651103,18077573
Singapore,SGP,"Population, total",SP.POP.TOTL,4987573,5076732,5183688,5312437,5399162,5469724,5535002,5607283,5612253,5638676,5703569,5685807,5453566,5637022,5917648
Solomon Islands,SLB,"Population, total",SP.POP.TOTL,518141,532968,552945,573606,594945,616908,639415,662379,685672,709101,728147,744498,762591,781066,800005
Sierra Leone,SLE,"Population, total",SP.POP.TOTL,6055646,6222714,6387251,6551080,6714051,6876385,7037655,7205328,7379299,7554563,7731991,7912558,8094602,8276807,8460512
El Salvador,SLV,"Population, total",SP.POP.TOTL,6048279,6068249,6090127,6113975,6138839,6162955,6183676,6200800,6213533,6219807,6222318,6234673,6255782,6280319,6309624
San Marino,SMR,"Population, total",SP.POP.TOTL,33066,33270,32620,33469,33041,32655,32897,33101,33825,34522,34663,34770,34252,33755,33860
Somalia,SOM,"Population, total",SP.POP.TOTL,11961201,12261756,12348830,12461160,12869594,13339491,13806963,14348740,14916629,15452487,16030971,16651191,17271431,17801897,18358615
Serbia,SRB,"Population, total",SP.POP.TOTL,7320807,7291436,7236519,7201497,7166553,7131787,7095383,7058322,7020858,6982604,6945235,6899126,6834326,6664449,6623183
Sub-Saharan Africa (excluding high income),SSA,"Population, total",SP.POP.TOTL,870259994,894576887,919440685,944882007,971142957,997869678,1025157695,1052729467,1080845804,1109900238,1139217993,1168916989,1198912667,1229088695,1259782580
South Sudan,SSD,"Population, total",SP.POP.TOTL,9243556,9745953,10288109,10756240,11166275,11235073,11107561,10830102,10259154,10122977,10423384,10698467,10865780,11021177,11483374
Sub-Saharan Africa,SSF,"Population, total",SP.POP.TOTL,870347292,894666657,919528126,944970310,971232906,997961037,1025251114,1052824144,1080941647,1109997000,1139315618,1169015451,1199011925,1229208573,1259902353
Small states,SST,"Population, total",SP.POP.TOTL,17267231,17486029,17614955,17799404,18019613,18260446,18501574,18738677,19007273,19225348,19408893,19572194,19777900,20005272,20253539
Sao Tome and Principe,STP,"Population, total",SP.POP.TOTL,177853,181802,185649,189439,193148,196767,200291,203689,206970,210187,213392,217435,221961,226305,230871
Suriname,SUR,"Population, total",SP.POP.TOTL,543568,549923,556269,562633,569020,575373,581627,587757,593713,599513,605768,612317,617896,623164,628886
Slovak Republic,SVK,"Population, total",SP.POP.TOTL,5386406,5391428,5398384,5407579,5413393,5418649,5423801,5430798,5439232,5446771,5454147,5458827,5447247,5431752,5426740
Slovenia,SVN,"Population, total",SP.POP.TOTL,2039669,2048583,2052843,2057159,2059953,2061980,2063531,2065042,2066388,2073894,2088385,2102419,2108079,2112076,2120461
Sweden,SWE,"Population, total",SP.POP.TOTL,9298515,9378126,9449213,9519374,9600379,9696110,9799186,9923085,10057698,10175214,10278887,10353442,10415811,10486941,10536632
Eswatini,SWZ,"Population, total",SP.POP.TOTL,1105153,1111650,1117833,1123863,1129990,1136299,1142813,1149507,1158195,1168929,1179874,1192729,1206593,1218917,1230506
Sint Maarten (Dutch part),SXM,"Population, total",SP.POP.TOTL,33491,33794,34267,35023,35854,36672,37471,38249,38996,39712,40385,41008,41571,42139,42749
Seychelles,SYC,"Population, total",SP.POP.TOTL,87298,89770,87441,88303,89949,91359,93419,94677,95843,96762,97625,98462,99258,119878,119773
Syrian Arab Republic,SYR,"Population, total",SP.POP.TOTL,21976969,22482421,22878098,22759763,21666917,20273659,19424618,19193834,19224668,19577845,20353534,21049429,21628839,22462173,23594623
Turks and Caicos Islands,TCA,"Population, total",SP.POP.TOTL,28588,29739,30846,32127,33653,35050,36605,38315,39913,41559,43166,44386,45243,45847,46198
Chad,TCD,"Population, total",SP.POP.TOTL,11893754,12312575,12754997,13210998,13691079,14188678,14647621,15114655,15622759,16156531,16685223,17224679,17828273,18455316,19319064
East Asia & Pacific (IDA & IBRD countries),TEA,"Population, total",SP.POP.TOTL,1934167856,1948643347,1964036970,1981382735,1998548872,2014960984,2030504270,2045816761,2061449949,2074796982,2086281644,2095759417,2102350702,2107261123,2111139152
Europe & Central Asia (IDA & IBRD countries),TEC,"Population, total",SP.POP.TOTL,441304973,442936599,444846099.5,446979977,449310524,451696196.5,454002756.5,456330266.5,458504366.5,460515553.5,462573906,463913014.5,463790894,461440170.5,459025452
Togo,TGO,"Population, total",SP.POP.TOTL,6551865,6732590,6916474,7100736,7285442,7472450,7663195,7858289,8057140,8258778,8463068,8669720,8878379,9089738,9304337
Thailand,THA,"Population, total",SP.POP.TOTL,68121080,68579447,69007208,69436098,69845114,70216367,70540795,70859841,71160187,71376079,71522271,71641484,71727332,71735329,71702435
Tajikistan,TJK,"Population, total",SP.POP.TOTL,7490230,7652141,7824785,8014084,8216724,8425552,8643840,8865631,9085946,9307333,9529966,9749310,9966908,10182222,10389799
Turkmenistan,TKM,"Population, total",SP.POP.TOTL,5451592,5564356,5683417,5808546,5939341,6075283,6215770,6360041,6507061,6655524,6803944,6949912,7092043,7230193,7364438
Latin America & the Caribbean (IDA & IBRD countries),TLA,"Population, total",SP.POP.TOTL,565454932,571822092,578171855,584524334,590809938,597023419,603091701,609017063,614776664,620274430,625467307,630051021,633862610,637837815,642397939
Timor-Leste,TLS,"Population, total",SP.POP.TOTL,1058782,1084679,1110207,1134885,1158695,1181903,1205131,1228312,1251703,1275959,1300945,1326053,1350139,1369295,1384286
Middle East & North Africa (IDA & IBRD countries),TMN,"Population, total",SP.POP.TOTL,339506517,346086741,352669280,359359831,366377897,373333494,379959947,386631346,393349907,400206414,407148671,413658033,420057840,427185536,434952414
Tonga,TON,"Population, total",SP.POP.TOTL,107203,107400,107570,107460,107078,106609,106095,105524,105356,105567,105669,105704,105490,105042,104597
South Asia (IDA & IBRD),TSA,"Population, total",SP.POP.TOTL,1647212835,1672490146,1697466396,1721780232,1744358673,1766896416,1788492725,1809951345,1831474329,1852836645,1874070006,1895144142,1914263569,1932289074,1951539835
Sub-Saharan Africa (IDA & IBRD countries),TSS,"Population, total",SP.POP.TOTL,870347292,894666657,919528126,944970310,971232906,997961037,1025251114,1052824144,1080941647,1109997000,1139315618,1169015451,1199011925,1229208573,1259902353
Trinidad and Tobago,TTO,"Population, total",SP.POP.TOTL,1310106,1317714,1328019,1335194,1340557,1345343,1349667,1353895,1356633,1359193,1363985,1366725,1367558,1365805,1367510
Tunisia,TUN,"Population, total",SP.POP.TOTL,10650681,10765980,10886035,11009647,11141361,11274288,11402264,11528674,11650498,11765514,11875081,11974057,12048622,12119334,12200431
Turkiye,TUR,"Population, total",SP.POP.TOTL,72039206,73142150,74223629,75175827,76147624,77181884,78218479,79277962,80312698,81407204,82579440,83384680,84147318,84979913,85325965
Tuvalu,TUV,"Population, total",SP.POP.TOTL,10461,10614,10780,10934,11001,10984,10963,10930,10869,10751,10581,10399,10194,9992,9816
Tanzania,TZA,"Population, total",SP.POP.TOTL,43633982,44758488,46029367,47374260,48824128,50351512,52020962,53824013,55652890,57437145,59174891,60972798,62830412,64711821,66617606
Uganda,UGA,"Population, total",SP.POP.TOTL,31451151,32390802,33354543,34337438,35337042,36395539,37531446,38799152,40177388,41565831,42999637,44457152,45910930,47312719,48656601
Ukraine,UKR,"Population, total",SP.POP.TOTL,46623731,46456003,46307853,46210056,46126770,45972380,45784896,45616832,45436041,45208907,44957458,44680014,44298640,41048766,37732836
Upper middle income,UMC,"Population, total",SP.POP.TOTL,2558895693,2579440265,2600803082,2624582981,2648822485,2672149754,2694528031,2716145902,2738073366,2758643432,2777172392,2792212417,2803460465,2810662434,2816864459
Uruguay,URY,"Population, total",SP.POP.TOTL,3310091,3318580,3326825,3335401,3345337,3356334,3368017,3379283,3388438,3394534,3397206,3398968,3396695,3390913,3388081
United States,USA,"Population, total",SP.POP.TOTL,306771529,309327143,311583481,313877662,316059947,318386329,320738994,323071755,325122128,326838199,328329953,331526933,332048977,333271411,334914895
Uzbekistan,UZB,"Population, total",SP.POP.TOTL,27939328,28385506,28823196,29261903,29724065,30222994,30749346,31284568,31819178,32373490,32964701,33586372,34243696,34938955,35652307
St. Vincent and the Grenadines,VCT,"Population, total",SP.POP.TOTL,110508,109959,109349,108736,108135,107535,106960,106349,105663,104926,104167,103526,102841,102046,101323
"Venezuela, RB",VEN,"Population, total",SP.POP.TOTL,28438298,28813101,29185212,29553826,29912198,30254079,30573972,30765720,30565323,29807592,28938098,28444077,28237826,28213017,28300854
British Virgin Islands,VGB,"Population, total",SP.POP.TOTL,27218,27675,28710,30345,31703,32962,34498,33878,32699,34657,36395,37135,37809,38319,38985
Virgin Islands (U.S.),VIR,"Population, total",SP.POP.TOTL,108404,108357,108290,108188,108041,107882,107712,107516,107281,107001,106669,106290,105870,105413,104917
Viet Nam,VNM,"Population, total",SP.POP.TOTL,86460018,87455152,88468314,89510356,90573104,91679578,92823254,94000117,95176977,96237319,97173776,98079191,98935098,99680655,100352192
Vanuatu,VUT,"Population, total",SP.POP.TOTL,232731,238248,243474,248883,254482,260240,266101,272087,278507,285259,291985,298858,305868,313046,320409
World,WLD,"Population, total",SP.POP.TOTL,6916129027,7000671233,7086201664,7175816385,7265314967,7353910926,7441471721,7528523334,7614113552,7696494848,7776892015,7856138790,7921184346,7989981520,8061876001
Samoa,WSM,"Population, total",SP.POP.TOTL,191513,193023,194713,196498,198268,200037,201782,203499,205415,207582,209780,211944,213779,215261,216663
Kosovo,XKX,"Population, total",SP.POP.TOTL,1794681,1788743,1791949,1807126,1818119,1812788,1788274,1777568,1791019,1797086,1788891,1790152,1786080,1768096,1756366
"Yemen, Rep.",YEM,"Population, total",SP.POP.TOTL,25927724,26754387,27582897,28433647,29312952,30226309,31159379,32109010,33090921,34085182,35111408,36134863,37140230,38222876,39390799
South Africa,ZAF,"Population, total",SP.POP.TOTL,51728516,52344051,52995205,53782567,54678791,55594838,56723537,57259551,57635162,58613001,59587885,60562381,61502603,62378410,63212384
Zambia,ZMB,"Population, total",SP.POP.TOTL,13490389,13965594,14437796,14913629,15398997,15895315,16399089,16914423,17441320,17973569,18513839,19059395,19603607,20152938,20723965
Zimbabwe,ZWE,"Population, total",SP.POP.TOTL,13142790,13356548,13595424,13817887,14013808,14207359,14399013,14600294,14812482,15034452,15271368,15526888,15797210,16069056,16340822
